idade,renda_mensal,tempo_emprego,divida_total,quant_cartoes,atraso_pagamento,possui_casa_propria,sexo,codigo,codigo_interno,cliente_bom
56.0,1590,29.9,36467,2.0,1,Não,Mulher,1,3770,Não
69.0,4305,11.0,48342,2.0,1,Não,Mulher,2,4449,Não
46.0,2865,13.5,11214,0.0,2,Não,Mulher,3,1750,Não
32.0,1866,21.7,33152,3.0,2,Sim,Homem,4,1267,Não
60.0,3030,26.6,37094,3.0,5,Não,Homem,5,4988,Não
25.0,2377,17.8,42421,0.0,1,Não,Homem,6,3345,Não
38.0,6530,11.7,21131,,1,Não,Homem,7,2340,Não
56.0,5322,12.4,15146,2.0,2,Não,Mulher,8,1569,Não
,3988,20.9,16264,4.0,2,Não,Mulher,9,3556,Não
40.0,6219,0.1,35631,2.0,1,Sim,Homem,10,2973,Não
28.0,4116,18.6,40838,0.0,1,Não,Homem,11,1545,Não
28.0,2708,10.7,9080,3.0,0,Não,Mulher,12,3822,Não
41.0,6284,23.8,18547,2.0,3,Sim,Mulher,13,1364,Não
53.0,4808,2.8,45097,4.0,3,Não,Mulher,14,1546,Não
57.0,2444,17.6,40334,2.0,1,Sim,Mulher,15,1270,Não
41.0,3714,14.4,49242,1.0,2,Sim,Homem,16,4545,Não
20.0,2686,19.3,37712,2.0,1,Sim,Mulher,17,1738,Não
,1925,1.9,19659,0.0,3,Sim,Mulher,18,3584,Não
19.0,5389,17.4,29531,3.0,2,Não,Mulher,19,2257,Não
41.0,6864,16.8,33050,3.0,1,Não,Mulher,20,1058,Não
61.0,1902,16.8,3922,0.0,0,Sim,Homem,21,2274,Não
47.0,4844,18.1,27224,1.0,1,Sim,Homem,22,2870,Não
55.0,3024,20.3,35466,,2,Não,Homem,23,1085,Não
19.0,3269,24.1,8366,2.0,1,Sim,Homem,24,1762,Sim
38.0,3111,8.1,39031,0.0,1,Sim,Homem,25,1389,Não
50.0,2704,24.8,29188,0.0,1,Sim,Homem,26,2203,Não
29.0,4072,14.9,47611,1.0,4,Não,Mulher,27,1718,Não
39.0,2753,2.3,2121,2.0,2,Sim,Mulher,28,3903,Não
,4405,1.8,13266,4.0,2,Não,Mulher,29,1148,Não
42.0,3924,10.0,30077,4.0,3,Não,Mulher,30,1582,Não
,3641,23.5,14827,3.0,1,Não,Homem,31,1120,Sim
44.0,2638,21.2,35721,0.0,1,Sim,Mulher,32,3812,Não
59.0,3134,23.7,37950,,1,Sim,Homem,33,3652,Não
45.0,5133,15.5,5125,1.0,0,Não,Mulher,34,3303,Sim
33.0,4751,13.2,25692,4.0,2,Não,Mulher,35,1765,Não
32.0,2533,4.4,25444,0.0,1,Não,Mulher,36,3911,Não
64.0,4148,9.8,18464,1.0,0,Sim,Homem,37,1799,Sim
68.0,5127,13.0,46646,,0,Sim,Mulher,38,4380,Não
,1495,2.7,41375,0.0,2,Não,Homem,39,3106,Não
69.0,4815,6.6,34860,,4,Não,Homem,40,2021,Não
,3006,17.9,35716,0.0,3,Sim,Mulher,41,4140,Não
54.0,4855,22.1,23085,0.0,1,Não,Homem,42,2469,Não
68.0,2855,30.0,46049,2.0,3,Sim,Homem,43,3435,Não
24.0,1292,28.0,34729,3.0,1,Sim,Mulher,44,2109,Não
38.0,1558,19.3,36449,1.0,2,Não,Mulher,45,3833,Não
26.0,4072,12.6,43084,1.0,0,Não,Mulher,46,2250,Não
56.0,4389,19.1,13703,2.0,1,Sim,Mulher,47,3640,Sim
35.0,2643,23.6,40353,2.0,2,Sim,Mulher,48,2649,Não
,4957,3.6,9762,,2,Sim,Mulher,49,4255,Não
42.0,1507,12.3,17267,4.0,3,Sim,Homem,50,2815,Não
31.0,3900,25.2,16780,4.0,2,Sim,Mulher,51,2345,Não
67.0,2183,11.5,48926,4.0,3,Não,Mulher,52,3956,Não
26.0,3022,17.2,42826,0.0,4,Sim,Homem,53,2341,Não
43.0,4071,17.6,35058,,4,Sim,Mulher,54,3613,Não
19.0,2709,5.5,36352,3.0,3,Sim,Homem,55,3446,Não
37.0,3423,10.9,28103,0.0,3,Não,Mulher,56,2732,Não
45.0,5509,10.0,47354,1.0,3,Não,Mulher,57,1898,Não
64.0,3134,0.8,24812,1.0,1,Sim,Homem,58,4364,Não
,5253,0.7,19025,2.0,1,Sim,Mulher,59,3340,Sim
61.0,2305,25.0,8151,2.0,1,Não,Homem,60,1484,Não
25.0,4794,8.2,39310,0.0,1,Não,Mulher,61,4970,Não
64.0,6162,15.5,36722,2.0,1,Não,Mulher,62,4518,Não
52.0,292,9.0,19217,1.0,3,Não,Homem,63,1802,Não
31.0,2804,28.2,1259,2.0,0,Sim,Mulher,64,2715,Não
34.0,4865,7.8,41949,4.0,0,Não,Mulher,65,2915,Não
53.0,3695,12.9,570,2.0,1,Sim,Homem,66,4483,Sim
67.0,4556,26.2,35184,1.0,1,Sim,Mulher,67,4579,Não
57.0,3094,25.3,48512,0.0,2,Não,Homem,68,2757,Não
21.0,4129,5.6,21883,3.0,2,Não,Mulher,69,2809,Não
19.0,3766,24.1,11748,,3,Não,Homem,70,3937,Não
23.0,5751,13.7,35243,1.0,1,Não,Mulher,71,3291,Não
59.0,4381,14.5,40856,3.0,0,Sim,Homem,72,2443,Não
21.0,4506,4.0,27321,3.0,2,Sim,Homem,73,2952,Não
46.0,3382,2.4,48351,4.0,1,Sim,Mulher,74,4007,Não
,3268,21.8,2583,3.0,1,Não,Mulher,75,4225,Sim
,3351,14.9,25239,1.0,0,Sim,Homem,76,3863,Não
61.0,4591,13.1,35922,1.0,2,Não,Mulher,77,4495,Não
51.0,3368,21.9,43132,2.0,0,Sim,Homem,78,3320,Não
27.0,4434,23.0,8962,2.0,1,Não,Mulher,79,2670,Sim
53.0,7113,4.8,40000,2.0,0,Sim,Mulher,80,2848,Não
31.0,5306,18.3,27635,3.0,1,Sim,Homem,81,1519,Não
48.0,3510,4.1,19827,3.0,2,Não,Homem,82,2151,Não
65.0,5801,22.5,6585,4.0,2,Sim,Mulher,83,2396,Não
32.0,3387,19.7,43264,2.0,2,Sim,Mulher,84,3615,Não
,942,28.7,7863,,1,Não,Mulher,85,3685,Não
31.0,2487,2.1,15489,4.0,6,Não,Mulher,86,3206,Não
40.0,1193,1.7,14502,0.0,1,Não,Mulher,87,4642,Não
57.0,3472,8.5,43570,,2,Não,Homem,88,4641,Não
38.0,4027,7.9,33635,,0,Não,Mulher,89,1651,Não
33.0,6514,7.4,39834,4.0,2,Sim,Mulher,90,3223,Não
62.0,4490,27.2,12523,1.0,2,Não,Homem,91,2950,Não
,3671,7.5,31243,3.0,0,Sim,Homem,92,3667,Não
64.0,5244,8.2,28587,3.0,0,Sim,Homem,93,1210,Não
,683,22.8,41641,4.0,2,Não,Mulher,94,3494,Não
43.0,4353,13.5,45304,,1,Sim,Homem,95,1585,Não
42.0,5156,23.3,607,4.0,1,Sim,Homem,96,1166,Sim
62.0,1782,2.0,33700,,2,Não,Homem,97,3507,Não
,5715,14.6,2591,4.0,3,Sim,Homem,98,3963,Não
46.0,4507,1.0,27442,,2,Não,Mulher,99,4428,Não
,3377,1.9,14381,3.0,0,Não,Mulher,100,4375,Sim
62.0,4949,27.2,15338,4.0,0,Não,Mulher,101,2256,Sim
18.0,7406,4.2,17647,4.0,1,Sim,Homem,102,4398,Sim
42.0,4272,16.0,31064,4.0,1,Sim,Homem,103,4955,Não
24.0,4372,12.3,16702,2.0,4,Sim,Homem,104,2205,Não
26.0,3310,10.4,36634,3.0,2,Sim,Homem,105,4705,Não
41.0,2725,27.0,20226,3.0,3,Não,Homem,106,4405,Não
18.0,5245,0.7,3417,2.0,0,Sim,Homem,107,2738,Sim
61.0,2715,19.9,39187,4.0,2,Não,Mulher,108,2052,Não
25.0,4107,28.9,14287,1.0,0,Sim,Mulher,109,1713,Sim
41.0,3283,16.8,21638,,2,Sim,Homem,110,4164,Não
28.0,4718,28.1,34272,4.0,1,Sim,Mulher,111,3888,Não
68.0,4500,1.6,16622,2.0,2,Sim,Homem,112,3915,Não
34.0,5556,12.6,2829,3.0,3,Sim,Homem,113,1687,Não
25.0,3234,7.8,18696,4.0,0,Não,Mulher,114,1329,Sim
52.0,3595,21.9,47222,3.0,1,Sim,Homem,115,2746,Não
52.0,2531,29.4,32086,0.0,5,Sim,Mulher,116,2207,Não
,3333,7.7,33573,3.0,1,Sim,Homem,117,3142,Não
22.0,4565,19.6,31614,1.0,0,Sim,Homem,118,1784,Não
59.0,5135,5.9,9949,1.0,0,Não,Mulher,119,3696,Sim
56.0,2616,17.0,20916,4.0,2,Sim,Homem,120,4820,Não
58.0,5304,13.9,37546,3.0,3,Não,Homem,121,3400,Não
,6033,29.2,5068,4.0,0,Sim,Homem,122,3977,Sim
,4620,18.3,13892,2.0,4,Não,Mulher,123,1940,Não
26.0,6815,10.5,13815,1.0,0,Não,Homem,124,4031,Sim
25.0,2839,3.4,21600,,1,Não,Homem,125,2288,Não
29.0,2133,4.5,49018,2.0,1,Não,Homem,126,4718,Não
51.0,1331,6.8,3375,4.0,0,Não,Mulher,127,2679,Não
50.0,6244,7.5,25935,3.0,1,Sim,Mulher,128,4090,Não
,4981,25.5,8968,,1,Não,Mulher,129,4814,Sim
40.0,3916,16.8,48533,3.0,2,Sim,Mulher,130,3693,Não
41.0,4419,15.7,5665,,2,Não,Mulher,131,1625,Não
54.0,2311,3.4,20180,0.0,3,Não,Homem,132,4570,Não
52.0,7668,25.8,36894,2.0,0,Sim,Mulher,133,1138,Não
61.0,4193,21.7,35227,2.0,2,Não,Mulher,134,4708,Não
57.0,4164,2.0,21136,3.0,3,Não,Homem,135,3763,Não
39.0,5088,21.2,17326,,1,Não,Mulher,136,4644,Sim
44.0,4721,16.3,19880,3.0,0,Não,Homem,137,1761,Sim
52.0,4335,2.5,13213,,1,Sim,Mulher,138,2833,Sim
18.0,2814,13.7,10266,,1,Não,Homem,139,4596,Não
52.0,4707,14.5,24151,1.0,1,Não,Homem,140,4979,Não
54.0,6823,5.0,13426,1.0,1,Sim,Mulher,141,3302,Sim
,6018,28.4,14373,4.0,3,Sim,Mulher,142,4156,Não
31.0,6389,25.5,32837,,1,Não,Homem,143,4529,Não
20.0,3233,20.1,48426,2.0,1,Não,Homem,144,2555,Não
18.0,2515,13.9,30181,4.0,2,Sim,Homem,145,4633,Não
22.0,3811,12.4,3848,1.0,2,Não,Homem,146,1675,Não
43.0,4083,19.5,3779,3.0,2,Sim,Homem,147,1091,Não
,5641,16.4,47571,4.0,2,Não,Homem,148,4671,Não
56.0,1461,1.9,14864,3.0,2,Sim,Homem,149,2092,Não
44.0,6294,15.4,4603,1.0,2,Sim,Mulher,150,1036,Não
26.0,3762,24.2,29952,4.0,2,Sim,Homem,151,4836,Não
32.0,3359,13.8,31182,1.0,3,Não,Mulher,152,2787,Não
,2481,1.6,32425,0.0,1,Não,Mulher,153,3187,Não
43.0,1517,23.6,13370,1.0,3,Não,Homem,154,3914,Não
59.0,5234,6.0,755,3.0,0,Não,Homem,155,4964,Sim
30.0,4109,7.8,48250,2.0,1,Sim,Mulher,156,3727,Não
68.0,2065,4.9,12544,1.0,0,Sim,Homem,157,4637,Não
49.0,2057,9.9,33801,2.0,1,Sim,Homem,158,4969,Não
56.0,3496,22.7,35331,0.0,0,Não,Mulher,159,2201,Não
66.0,6503,15.6,30500,4.0,1,Não,Mulher,160,4880,Não
69.0,3610,6.1,15645,4.0,0,Não,Mulher,161,2836,Sim
49.0,1745,26.3,13554,2.0,1,Sim,Homem,162,2894,Não
,3631,26.4,29883,4.0,1,Não,Homem,163,4689,Não
47.0,3590,26.1,43304,1.0,5,Não,Mulher,164,1136,Não
54.0,-45,7.2,47336,2.0,0,Sim,Homem,165,3237,Não
40.0,3918,13.5,5295,3.0,2,Sim,Mulher,166,2663,Não
56.0,3653,29.5,7741,1.0,0,Não,Homem,167,3389,Sim
62.0,5044,23.2,47236,1.0,2,Sim,Mulher,168,2582,Não
32.0,6773,0.8,36826,,1,Não,Homem,169,4076,Não
60.0,5689,2.0,44149,,1,Sim,Mulher,170,1971,Não
46.0,3596,13.9,10131,0.0,2,Sim,Homem,171,4328,Não
53.0,2340,27.3,29379,4.0,2,Sim,Homem,172,4883,Não
30.0,7860,16.2,35056,2.0,1,Não,Mulher,173,1661,Não
49.0,4088,14.9,34005,0.0,1,Não,Homem,174,4877,Não
24.0,4020,3.2,20407,2.0,4,Não,Homem,175,3290,Não
68.0,3963,19.7,769,4.0,2,Sim,Mulher,176,2810,Não
,4297,24.7,29146,3.0,4,Sim,Homem,177,4791,Não
45.0,3783,11.4,12655,1.0,1,Sim,Homem,178,1414,Sim
19.0,3139,23.3,22512,1.0,1,Sim,Homem,179,4698,Não
59.0,3179,28.9,47879,3.0,0,Não,Mulher,180,3754,Não
,3950,6.1,19951,0.0,1,Não,Mulher,181,1342,Sim
23.0,3184,15.7,41990,0.0,2,Não,Mulher,182,3729,Não
45.0,2930,8.6,9427,2.0,1,Sim,Mulher,183,4450,Não
,4159,23.8,33623,3.0,1,Sim,Mulher,184,4665,Não
61.0,3617,17.3,48850,0.0,1,Não,Homem,185,4737,Não
61.0,6255,19.0,5094,3.0,2,Sim,Homem,186,3700,Não
37.0,23,23.9,415,,3,Não,Mulher,187,4897,Não
47.0,5637,11.9,21679,1.0,1,Sim,Homem,188,1145,Não
28.0,5869,27.5,4631,1.0,1,Sim,Homem,189,1322,Sim
45.0,889,16.0,37419,,0,Não,Homem,190,3169,Não
,3485,4.7,45727,3.0,2,Não,Homem,191,2275,Não
56.0,3442,20.9,21701,,1,Sim,Mulher,192,2878,Não
50.0,1888,23.8,12935,2.0,1,Não,Mulher,193,4970,Não
18.0,2833,9.5,21720,1.0,3,Não,Homem,194,3358,Não
44.0,2334,25.7,36172,2.0,1,Sim,Homem,195,1600,Não
69.0,6628,27.2,452,1.0,2,Sim,Mulher,196,1474,Não
30.0,5403,8.3,29472,2.0,1,Sim,Homem,197,3617,Não
58.0,5907,29.5,30664,,1,Não,Homem,198,2515,Não
20.0,5082,4.2,31884,4.0,1,Sim,Homem,199,1574,Não
56.0,2306,6.1,12101,,1,Sim,Mulher,200,1346,Não
23.0,3213,5.5,35702,3.0,4,Sim,Mulher,201,3867,Não
25.0,4734,26.8,4569,2.0,2,Sim,Homem,202,2510,Não
44.0,2166,19.6,9963,1.0,1,Sim,Homem,203,4544,Não
26.0,5069,4.6,43873,2.0,2,Não,Homem,204,1381,Não
54.0,3639,13.2,36936,0.0,3,Sim,Homem,205,2303,Não
50.0,3437,18.5,687,1.0,2,Sim,Homem,206,1071,Não
68.0,5066,2.5,12418,0.0,1,Não,Homem,207,3568,Sim
59.0,4666,26.5,10720,1.0,3,Sim,Mulher,208,4437,Não
61.0,3458,24.1,13540,3.0,3,Sim,Mulher,209,3980,Não
41.0,5738,15.2,12377,3.0,2,Não,Homem,210,2117,Não
32.0,2378,29.0,3126,3.0,0,Sim,Mulher,211,2396,Não
49.0,4923,12.5,22947,0.0,2,Não,Homem,212,3386,Não
49.0,4889,29.5,36636,4.0,0,Sim,Homem,213,4508,Não
41.0,3535,20.0,30336,1.0,0,Não,Mulher,214,2359,Não
58.0,4489,19.0,33643,3.0,2,Não,Mulher,215,1663,Não
69.0,2123,5.0,4057,,3,Sim,Homem,216,2515,Não
66.0,5386,26.5,47574,0.0,0,Não,Homem,217,4988,Não
66.0,3722,12.8,41924,4.0,3,Não,Mulher,218,2891,Não
69.0,3215,4.9,40254,,0,Sim,Mulher,219,1039,Não
,5573,0.4,41149,1.0,0,Sim,Homem,220,2382,Não
56.0,2943,16.8,46635,4.0,2,Não,Homem,221,3030,Não
19.0,1887,15.8,27212,4.0,1,Sim,Homem,222,3621,Não
20.0,1665,21.6,10014,,0,Não,Mulher,223,2277,Não
66.0,4909,26.7,30839,3.0,1,Não,Homem,224,1965,Não
,2079,2.4,37144,,2,Sim,Mulher,225,3628,Não
66.0,6632,21.9,36895,,0,Sim,Homem,226,4469,Não
34.0,877,5.6,26072,2.0,3,Não,Mulher,227,4828,Não
66.0,6544,25.7,3422,0.0,0,Sim,Mulher,228,2900,Sim
19.0,4316,24.6,18555,1.0,0,Sim,Mulher,229,3217,Sim
19.0,3854,16.2,46038,1.0,0,Não,Mulher,230,4761,Não
45.0,3182,21.3,29222,0.0,2,Não,Homem,231,1700,Não
40.0,4598,9.4,26916,1.0,1,Não,Mulher,232,1510,Não
,3943,14.1,13442,3.0,0,Não,Mulher,233,2283,Sim
49.0,5654,24.6,18422,0.0,4,Não,Mulher,234,1583,Não
50.0,4171,13.8,44767,3.0,3,Não,Homem,235,1983,Não
18.0,4225,10.7,33323,,1,Sim,Homem,236,1458,Não
,3454,14.8,39369,0.0,1,Não,Homem,237,3576,Não
19.0,3914,24.8,22717,1.0,2,Sim,Homem,238,2905,Não
61.0,4461,10.1,31512,0.0,1,Sim,Homem,239,3388,Não
43.0,1434,5.2,12419,1.0,5,Não,Homem,240,3104,Não
49.0,1977,21.4,35273,3.0,2,Sim,Mulher,241,3265,Não
23.0,5114,24.8,21380,3.0,0,Não,Mulher,242,3666,Não
49.0,4256,3.0,22127,1.0,0,Sim,Mulher,243,1815,Não
21.0,3724,7.2,32466,0.0,0,Não,Homem,244,4756,Não
28.0,4027,4.3,46814,2.0,3,Não,Mulher,245,3778,Não
34.0,4521,10.4,3200,3.0,1,Não,Mulher,246,3511,Sim
55.0,3190,13.5,41237,,4,Não,Homem,247,1246,Não
41.0,2832,22.5,14619,,3,Sim,Mulher,248,1729,Não
,4293,19.5,22195,1.0,3,Sim,Homem,249,3420,Não
69.0,2532,18.6,1095,0.0,2,Sim,Mulher,250,1416,Não
51.0,4612,10.6,15052,1.0,1,Sim,Homem,251,2054,Sim
23.0,1446,25.2,25131,4.0,0,Sim,Homem,252,1367,Não
39.0,5543,14.1,2808,3.0,0,Não,Homem,253,3606,Sim
28.0,4708,29.4,24554,4.0,0,Não,Mulher,254,4717,Não
65.0,4384,19.0,46355,3.0,1,Não,Mulher,255,1107,Não
33.0,5474,3.8,5269,,1,Não,Homem,256,3631,Sim
50.0,6498,20.3,38222,4.0,1,Não,Homem,257,1838,Não
26.0,5521,9.8,20483,,1,Sim,Mulher,258,1417,Não
23.0,1238,20.6,32758,1.0,2,Não,Mulher,259,2643,Não
33.0,2080,2.1,13011,4.0,1,Não,Homem,260,1820,Não
46.0,3062,5.2,7974,1.0,1,Sim,Mulher,261,2421,Sim
20.0,4039,25.7,8023,1.0,1,Sim,Mulher,262,4343,Sim
37.0,4776,6.8,3524,1.0,2,Não,Mulher,263,1682,Não
53.0,2911,25.1,9282,3.0,0,Não,Homem,264,4187,Não
36.0,4280,8.4,33210,3.0,1,Sim,Homem,265,4912,Não
,2866,19.3,44084,4.0,0,Não,Mulher,266,4657,Não
20.0,3082,20.8,40706,3.0,0,Não,Homem,267,1255,Não
36.0,1890,15.4,34256,4.0,0,Não,Mulher,268,4152,Não
37.0,2615,9.2,5521,3.0,2,Sim,Mulher,269,3827,Não
49.0,1972,6.4,14459,,3,Não,Homem,270,4199,Não
24.0,2536,1.0,15490,0.0,3,Não,Homem,271,1837,Não
69.0,5580,9.1,12497,4.0,0,Sim,Homem,272,3962,Sim
58.0,2575,19.6,25750,3.0,1,Sim,Mulher,273,3282,Não
50.0,7948,28.1,26777,3.0,1,Sim,Mulher,274,1552,Não
57.0,4739,26.1,17844,1.0,2,Não,Homem,275,1180,Não
56.0,4277,23.0,17689,2.0,2,Sim,Homem,276,1156,Não
35.0,2712,23.7,41427,4.0,1,Não,Homem,277,2477,Não
,5050,19.9,39464,2.0,0,Sim,Mulher,278,1570,Não
18.0,3136,7.8,15389,2.0,1,Não,Mulher,279,1856,Sim
28.0,4183,27.2,45689,4.0,1,Sim,Mulher,280,2784,Não
,7840,20.1,47640,3.0,1,Não,Homem,281,2727,Não
42.0,3855,16.8,16337,4.0,1,Não,Homem,282,2047,Sim
,5723,3.3,17721,,2,Sim,Mulher,283,2496,Não
40.0,2945,13.4,25281,3.0,3,Sim,Homem,284,2423,Não
48.0,3947,13.8,47056,0.0,2,Não,Homem,285,3995,Não
,6656,25.9,43815,4.0,0,Sim,Homem,286,1591,Não
,3059,16.4,5128,4.0,2,Não,Homem,287,3181,Não
52.0,6718,11.4,19636,3.0,0,Sim,Mulher,288,1420,Sim
24.0,5061,29.3,27668,0.0,2,Sim,Homem,289,3260,Não
33.0,3156,3.3,25156,0.0,2,Não,Mulher,290,3947,Não
43.0,4948,12.7,9693,3.0,1,Sim,Mulher,291,3529,Sim
65.0,5458,1.3,42940,,2,Sim,Homem,292,1347,Não
69.0,4932,22.2,33847,4.0,0,Não,Mulher,293,1165,Não
66.0,1644,27.5,41895,4.0,1,Não,Mulher,294,1936,Não
,2909,8.4,42938,2.0,1,Sim,Homem,295,1347,Não
18.0,3628,25.8,37417,3.0,0,Não,Mulher,296,3896,Não
65.0,3888,8.8,21960,,1,Sim,Mulher,297,1397,Não
29.0,4931,27.3,30527,2.0,2,Sim,Mulher,298,1582,Não
,4266,22.6,8018,,1,Não,Mulher,299,3773,Sim
54.0,1996,24.1,33682,4.0,3,Não,Mulher,300,4506,Não
49.0,4570,0.5,8962,2.0,1,Não,Mulher,301,2600,Sim
26.0,4915,28.9,34697,0.0,1,Não,Mulher,302,4292,Não
58.0,4839,21.8,11479,3.0,1,Não,Mulher,303,1307,Sim
52.0,5621,9.1,5877,2.0,1,Não,Homem,304,4038,Sim
36.0,5250,24.9,8264,4.0,1,Sim,Homem,305,3845,Sim
65.0,4688,8.4,99,2.0,1,Sim,Homem,306,4768,Sim
33.0,3894,26.2,35936,3.0,2,Não,Mulher,307,3766,Não
20.0,1508,3.4,36620,2.0,0,Sim,Mulher,308,3513,Não
37.0,4644,21.1,25746,4.0,2,Sim,Mulher,309,1098,Não
41.0,4311,16.2,8068,0.0,5,Sim,Homem,310,2265,Não
50.0,4407,2.9,4177,,0,Sim,Homem,311,1157,Sim
41.0,2084,7.3,956,0.0,2,Não,Homem,312,3657,Não
,2378,0.4,8287,1.0,1,Sim,Mulher,313,1553,Não
28.0,5579,14.1,44542,4.0,1,Sim,Homem,314,1650,Não
66.0,3940,9.0,12076,4.0,1,Não,Homem,315,4866,Sim
25.0,5022,18.0,17713,3.0,1,Não,Mulher,316,3967,Sim
53.0,4042,8.9,5267,,2,Não,Homem,317,3274,Não
55.0,4044,9.0,11118,0.0,0,Não,Mulher,318,3470,Sim
57.0,5407,22.3,25961,,1,Sim,Homem,319,4143,Não
37.0,3225,1.4,30387,3.0,1,Não,Mulher,320,3290,Não
52.0,4144,27.1,12267,3.0,1,Sim,Mulher,321,3577,Sim
65.0,3306,25.6,2886,2.0,2,Sim,Mulher,322,4660,Não
42.0,3348,20.0,19551,,1,Não,Mulher,323,2068,Sim
52.0,3536,17.8,11710,4.0,1,Não,Mulher,324,2495,Sim
42.0,4333,26.8,10977,1.0,2,Não,Homem,325,3418,Não
46.0,3281,5.6,47993,,1,Não,Mulher,326,2878,Não
35.0,5883,2.4,30815,3.0,2,Não,Mulher,327,3699,Não
63.0,2658,7.2,27843,2.0,1,Não,Mulher,328,3736,Não
,3719,23.8,20788,0.0,1,Sim,Mulher,329,1733,Não
19.0,3340,1.0,21447,1.0,2,Sim,Homem,330,2950,Não
52.0,6170,17.5,27045,4.0,1,Sim,Mulher,331,1091,Não
33.0,4294,29.9,34821,0.0,1,Sim,Homem,332,4093,Não
58.0,5547,25.7,35107,0.0,0,Não,Mulher,333,3219,Não
53.0,1771,15.6,8584,1.0,2,Não,Mulher,334,2627,Não
50.0,4400,1.9,25005,4.0,1,Sim,Homem,335,2215,Não
,5334,24.9,20597,3.0,2,Sim,Homem,336,2100,Não
50.0,4123,18.0,43526,4.0,2,Sim,Homem,337,2304,Não
31.0,5598,3.4,31570,2.0,1,Não,Mulher,338,2387,Não
38.0,3224,2.8,26625,0.0,2,Não,Homem,339,1178,Não
,6114,27.3,5769,2.0,3,Não,Mulher,340,3285,Não
,7448,20.1,30281,3.0,4,Sim,Homem,341,4206,Não
25.0,3455,24.9,5860,2.0,1,Sim,Homem,342,3924,Sim
24.0,3331,26.4,16860,4.0,4,Não,Mulher,343,3949,Não
20.0,6180,17.2,7142,2.0,0,Não,Homem,344,1279,Sim
34.0,6369,15.5,34603,3.0,1,Sim,Homem,345,2042,Não
50.0,3215,12.9,10312,,0,Sim,Mulher,346,2618,Sim
,3369,9.5,19592,3.0,0,Não,Mulher,347,3787,Sim
29.0,3577,13.0,44783,4.0,3,Sim,Mulher,348,1370,Não
68.0,1983,23.2,10215,3.0,1,Não,Homem,349,2800,Não
39.0,2622,18.1,25390,,2,Não,Homem,350,4183,Não
39.0,2493,26.8,20963,3.0,0,Sim,Homem,351,4834,Não
63.0,2848,13.3,906,2.0,0,Sim,Homem,352,4747,Não
47.0,3947,18.2,39637,2.0,3,Sim,Homem,353,3917,Não
55.0,4351,18.9,3452,2.0,2,Não,Mulher,354,2703,Não
55.0,6325,17.8,23712,4.0,2,Sim,Homem,355,4066,Não
62.0,2502,21.1,28033,2.0,6,Sim,Mulher,356,3268,Não
68.0,5476,7.1,31421,4.0,0,Não,Homem,357,3967,Não
25.0,3679,15.4,34431,4.0,2,Não,Mulher,358,1303,Não
44.0,3925,3.1,12663,3.0,0,Sim,Homem,359,4774,Sim
44.0,5012,11.5,498,0.0,0,Não,Homem,360,2348,Sim
51.0,2315,14.6,36172,,5,Não,Mulher,361,2460,Não
38.0,4573,19.6,26782,3.0,2,Não,Homem,362,3485,Não
47.0,4249,28.5,41805,4.0,2,Sim,Mulher,363,2193,Não
50.0,4738,18.0,41069,4.0,2,Sim,Homem,364,3422,Não
45.0,4433,22.3,42166,2.0,1,Não,Homem,365,4628,Não
64.0,7682,15.2,24254,2.0,3,Não,Mulher,366,3428,Não
50.0,3043,19.0,16681,3.0,2,Não,Homem,367,4033,Não
22.0,3203,2.1,39577,1.0,3,Sim,Mulher,368,3061,Não
65.0,3065,7.6,22564,1.0,2,Não,Homem,369,3790,Não
36.0,3166,10.9,9172,2.0,0,Não,Homem,370,1668,Sim
21.0,3043,14.2,42748,1.0,1,Sim,Homem,371,1499,Não
,5783,1.4,44127,2.0,0,Não,Homem,372,4717,Não
66.0,6130,4.2,23315,4.0,2,Sim,Homem,373,2414,Não
34.0,3143,8.3,3784,3.0,3,Sim,Homem,374,2572,Não
,2751,29.1,19391,0.0,5,Sim,Homem,375,3612,Não
45.0,4707,9.9,40176,3.0,1,Não,Mulher,376,1529,Não
47.0,3171,14.5,45088,2.0,2,Não,Homem,377,3006,Não
46.0,4949,5.9,10173,2.0,1,Sim,Homem,378,3539,Sim
63.0,4304,18.3,3348,3.0,1,Não,Homem,379,4621,Sim
,1726,8.4,43867,2.0,2,Sim,Mulher,380,4770,Não
52.0,6321,6.2,19470,1.0,3,Não,Mulher,381,4456,Não
58.0,6693,15.5,27088,1.0,2,Sim,Homem,382,2219,Não
54.0,3080,0.2,48403,2.0,1,Sim,Homem,383,1754,Não
41.0,3418,0.2,3328,2.0,1,Não,Homem,384,3347,Sim
46.0,4428,6.6,32415,1.0,2,Não,Mulher,385,1814,Não
66.0,4501,1.1,3705,2.0,1,Não,Homem,386,3594,Sim
,4987,3.2,18773,2.0,1,Não,Mulher,387,1726,Sim
48.0,7015,10.2,40190,3.0,2,Sim,Homem,388,1730,Não
52.0,3734,24.1,21673,0.0,0,Sim,Mulher,389,1827,Não
50.0,2802,17.2,49859,,1,Não,Mulher,390,3649,Não
,1931,15.4,27952,3.0,2,Não,Homem,391,2331,Não
38.0,2903,8.8,16058,0.0,4,Sim,Homem,392,3046,Não
,3950,28.0,11005,2.0,0,Não,Homem,393,4323,Sim
40.0,6691,11.9,17526,,2,Não,Homem,394,4079,Não
50.0,3223,2.6,18626,3.0,2,Não,Homem,395,3815,Não
20.0,4335,18.5,3435,2.0,1,Não,Homem,396,1874,Sim
35.0,3975,3.4,18478,4.0,1,Sim,Homem,397,4279,Sim
42.0,5782,10.4,23211,3.0,1,Sim,Mulher,398,3984,Não
59.0,7790,15.2,36136,0.0,2,Não,Homem,399,3178,Não
,3203,26.2,32836,,2,Sim,Homem,400,4807,Não
20.0,3265,14.8,35438,1.0,2,Não,Mulher,401,4780,Não
57.0,5566,21.1,418,3.0,2,Não,Homem,402,3003,Não
63.0,5022,29.8,10883,2.0,1,Não,Homem,403,2677,Sim
41.0,6770,3.9,33084,2.0,3,Sim,Homem,404,4835,Não
67.0,4875,8.2,24199,4.0,1,Sim,Homem,405,1607,Não
49.0,3461,11.8,265,,0,Sim,Mulher,406,3073,Sim
64.0,4885,12.7,40224,,1,Sim,Mulher,407,4694,Não
39.0,5663,12.3,38640,0.0,0,Sim,Homem,408,2477,Não
40.0,5230,27.2,27420,4.0,0,Não,Homem,409,1634,Não
19.0,4760,21.4,3323,0.0,0,Não,Mulher,410,2209,Sim
44.0,5600,18.2,38325,,0,Sim,Homem,411,1483,Não
59.0,5753,9.3,29185,0.0,0,Sim,Mulher,412,3727,Não
19.0,6073,24.7,39097,3.0,1,Sim,Mulher,413,2074,Não
43.0,4973,28.7,37587,3.0,0,Não,Mulher,414,2914,Não
,3749,24.6,40150,2.0,1,Sim,Homem,415,3052,Não
57.0,4220,0.0,25900,0.0,0,Não,Homem,416,1588,Não
50.0,5809,19.1,7016,1.0,0,Não,Homem,417,4231,Sim
26.0,2774,1.5,33557,,2,Sim,Mulher,418,3255,Não
60.0,4553,7.7,31023,3.0,0,Não,Homem,419,3304,Não
65.0,3409,1.8,37112,0.0,2,Não,Homem,420,2228,Não
56.0,4043,18.1,8494,4.0,3,Sim,Mulher,421,4838,Não
46.0,5917,20.6,9748,1.0,0,Não,Homem,422,2973,Sim
59.0,4286,3.4,44520,3.0,0,Sim,Homem,423,3058,Não
,4069,11.5,37498,,1,Não,Homem,424,1948,Não
52.0,1960,13.7,45411,0.0,3,Sim,Mulher,425,3055,Não
,5119,11.1,37935,1.0,3,Sim,Homem,426,4480,Não
42.0,4968,3.6,29857,0.0,0,Não,Mulher,427,3983,Não
41.0,7244,12.6,32706,4.0,0,Sim,Mulher,428,3079,Não
30.0,3538,22.5,44456,2.0,1,Não,Mulher,429,3007,Não
24.0,4328,2.1,28940,0.0,2,Não,Homem,430,3587,Não
53.0,4374,2.4,31619,3.0,1,Sim,Homem,431,2741,Não
62.0,6366,10.6,7823,2.0,4,Não,Homem,432,4052,Não
37.0,3857,28.3,23696,3.0,0,Sim,Mulher,433,1386,Não
18.0,4418,20.1,35819,0.0,2,Não,Mulher,434,2251,Não
25.0,4911,20.4,13547,,0,Não,Homem,435,3687,Sim
63.0,4279,10.9,10112,3.0,1,Sim,Mulher,436,2790,Sim
33.0,3330,17.8,15691,4.0,2,Não,Homem,437,2498,Não
31.0,4291,0.3,12075,4.0,0,Não,Homem,438,4795,Sim
29.0,5610,19.1,10745,,3,Não,Homem,439,4822,Não
68.0,2460,27.4,21242,2.0,0,Não,Homem,440,1206,Não
40.0,4199,18.4,45391,1.0,2,Não,Homem,441,4389,Não
32.0,2949,26.2,25352,2.0,1,Não,Homem,442,2818,Não
45.0,5792,21.7,9396,,1,Não,Homem,443,2780,Sim
51.0,1715,3.6,3848,3.0,1,Não,Mulher,444,3604,Não
,3161,27.1,34807,1.0,3,Sim,Homem,445,4688,Não
,4565,2.0,19139,0.0,0,Não,Mulher,446,3395,Sim
40.0,6348,16.0,41091,1.0,0,Não,Mulher,447,1792,Não
39.0,3901,4.3,32975,0.0,0,Sim,Homem,448,3281,Não
68.0,3167,0.4,39812,,3,Sim,Mulher,449,2724,Não
,6821,12.7,13597,0.0,1,Sim,Mulher,450,4115,Sim
,1827,8.9,34617,0.0,0,Não,Mulher,451,2005,Não
39.0,701,14.6,13203,1.0,2,Sim,Homem,452,3784,Não
,4660,17.3,46953,1.0,2,Sim,Homem,453,1941,Não
69.0,3246,1.3,31818,0.0,1,Não,Homem,454,2165,Não
59.0,2468,3.7,16225,4.0,0,Não,Homem,455,4719,Não
23.0,5062,16.8,13475,1.0,2,Sim,Homem,456,3223,Não
32.0,4365,10.3,9546,2.0,3,Sim,Mulher,457,2677,Não
60.0,3153,21.9,34732,3.0,2,Não,Mulher,458,1448,Não
54.0,2079,19.6,10935,0.0,1,Não,Homem,459,1591,Não
50.0,5308,25.4,29765,0.0,1,Não,Mulher,460,1081,Não
25.0,4975,20.8,13231,3.0,1,Não,Mulher,461,3182,Sim
61.0,3851,12.9,33098,4.0,0,Não,Mulher,462,4790,Não
61.0,6769,20.2,40746,3.0,3,Sim,Mulher,463,3903,Não
22.0,2394,8.3,38901,1.0,2,Não,Homem,464,4248,Não
56.0,1711,9.2,38042,3.0,0,Não,Homem,465,2406,Não
21.0,2962,23.7,9386,0.0,3,Não,Homem,466,4314,Não
23.0,3931,13.4,4419,3.0,1,Não,Mulher,467,4638,Sim
62.0,4365,24.0,34947,2.0,2,Não,Mulher,468,4212,Não
49.0,3638,24.7,18417,1.0,3,Sim,Homem,469,2480,Não
,4528,25.7,21617,3.0,0,Não,Homem,470,3487,Não
47.0,2122,27.5,1557,0.0,1,Sim,Mulher,471,2079,Não
64.0,6165,12.9,12978,1.0,0,Não,Homem,472,4598,Sim
52.0,3876,9.6,1683,0.0,3,Sim,Homem,473,3744,Não
57.0,5675,17.5,43959,4.0,1,Sim,Mulher,474,4897,Não
69.0,4514,11.1,12169,2.0,1,Não,Mulher,475,1418,Sim
33.0,4685,18.0,27866,4.0,3,Não,Homem,476,1087,Não
30.0,4854,21.2,1948,2.0,0,Não,Mulher,477,4680,Sim
67.0,4671,20.7,33342,3.0,3,Não,Homem,478,3703,Não
59.0,4964,11.2,16151,1.0,3,Não,Mulher,479,4079,Não
47.0,5993,5.0,44895,3.0,0,Sim,Mulher,480,4548,Não
36.0,4294,12.9,44405,2.0,1,Não,Homem,481,1214,Não
34.0,5063,4.3,16264,2.0,2,Não,Mulher,482,4756,Não
36.0,3865,26.7,45048,2.0,3,Sim,Homem,483,2758,Não
45.0,6160,10.4,49807,0.0,2,Não,Mulher,484,3599,Não
43.0,2985,4.6,41270,1.0,1,Sim,Homem,485,2520,Não
54.0,6701,0.8,42243,3.0,4,Não,Mulher,486,2717,Não
43.0,3939,19.4,12450,3.0,1,Sim,Mulher,487,3550,Sim
40.0,1853,19.1,28835,4.0,2,Não,Homem,488,4853,Não
26.0,4192,10.2,3362,2.0,2,Sim,Mulher,489,3746,Não
29.0,2978,2.2,4745,2.0,3,Sim,Homem,490,3292,Não
18.0,5260,12.3,49944,2.0,1,Não,Mulher,491,2501,Não
18.0,3021,9.3,16331,3.0,1,Não,Mulher,492,1308,Sim
64.0,3330,20.3,37409,4.0,1,Não,Homem,493,1230,Não
51.0,1165,18.2,40333,0.0,1,Sim,Mulher,494,4454,Não
49.0,3321,10.9,42901,1.0,5,Sim,Mulher,495,1154,Não
65.0,364,6.5,49881,0.0,0,Sim,Homem,496,2198,Não
42.0,1624,29.6,12074,3.0,2,Não,Mulher,497,3895,Não
57.0,5140,13.6,2017,2.0,1,Não,Homem,498,1114,Sim
62.0,5178,20.6,20559,1.0,3,Sim,Homem,499,2413,Não
18.0,4638,4.2,6504,3.0,3,Não,Homem,500,1310,Não
33.0,2549,14.6,1121,3.0,0,Sim,Mulher,501,1992,Não
56.0,3928,0.8,18021,3.0,3,Não,Mulher,502,3347,Não
22.0,3994,15.2,39186,1.0,0,Não,Homem,503,2041,Não
39.0,2262,28.9,28309,1.0,1,Sim,Mulher,504,3831,Não
46.0,6255,11.5,15638,4.0,1,Não,Homem,505,1011,Sim
20.0,5316,1.2,32717,4.0,0,Não,Mulher,506,2427,Não
29.0,3668,0.9,11600,0.0,2,Não,Homem,507,4884,Não
43.0,4040,11.6,719,1.0,0,Não,Homem,508,4775,Sim
33.0,4312,4.8,38217,1.0,1,Não,Mulher,509,3279,Não
68.0,937,0.7,31187,1.0,2,Sim,Homem,510,4002,Não
54.0,3629,22.7,38115,4.0,1,Não,Homem,511,4676,Não
39.0,2977,13.8,1946,3.0,1,Sim,Mulher,512,3013,Não
46.0,2497,8.7,41855,,2,Não,Homem,513,1729,Não
31.0,3578,27.0,30976,4.0,3,Não,Homem,514,2301,Não
45.0,6696,3.5,28169,1.0,1,Sim,Mulher,515,2376,Não
22.0,4961,28.7,31230,4.0,0,Sim,Homem,516,4065,Não
64.0,3143,9.4,43221,0.0,1,Não,Homem,517,3036,Não
66.0,4858,26.7,29346,1.0,5,Não,Homem,518,4046,Não
47.0,6099,18.1,29047,0.0,1,Sim,Homem,519,3350,Não
63.0,5386,24.8,49533,1.0,2,Sim,Homem,520,1540,Não
69.0,4089,29.5,37836,4.0,1,Sim,Homem,521,3517,Não
22.0,3029,8.7,22114,3.0,1,Sim,Homem,522,3860,Não
29.0,5047,28.8,35369,2.0,3,Não,Homem,523,1076,Não
33.0,4590,11.7,19461,,0,Não,Mulher,524,4067,Sim
43.0,5342,11.6,11443,4.0,0,Não,Homem,525,4592,Sim
43.0,4952,10.2,29842,3.0,2,Não,Homem,526,1023,Não
65.0,5574,16.2,46409,4.0,3,Não,Mulher,527,2038,Não
38.0,3197,4.6,46456,0.0,1,Sim,Homem,528,1675,Não
56.0,5976,16.6,17095,2.0,1,Sim,Homem,529,3572,Sim
53.0,4296,16.3,26383,4.0,3,Sim,Homem,530,3394,Não
50.0,7112,22.9,10581,1.0,1,Não,Homem,531,1171,Sim
47.0,2966,25.0,49781,,0,Sim,Homem,532,2892,Não
54.0,6603,13.2,49055,,4,Não,Homem,533,4398,Não
40.0,4296,9.1,32475,3.0,1,Não,Mulher,534,3759,Não
27.0,3022,7.8,40220,1.0,3,Não,Mulher,535,4556,Não
22.0,3274,5.8,35755,,0,Sim,Mulher,536,1488,Não
53.0,3519,1.7,29657,2.0,1,Não,Mulher,537,2485,Não
51.0,4636,10.3,2667,1.0,0,Não,Mulher,538,3425,Sim
69.0,4784,8.1,22738,3.0,3,Sim,Homem,539,4659,Não
48.0,3139,29.0,33739,4.0,0,Não,Homem,540,4235,Não
27.0,3963,16.7,33876,1.0,1,Sim,Homem,541,3419,Não
36.0,7213,10.4,18656,0.0,1,Não,Homem,542,4644,Sim
49.0,6591,17.4,47084,3.0,2,Sim,Homem,543,4047,Não
18.0,4654,4.2,8367,2.0,2,Não,Mulher,544,4024,Não
22.0,4057,13.3,25017,1.0,3,Não,Mulher,545,4495,Não
62.0,4180,18.8,34544,2.0,4,Sim,Homem,546,1756,Não
21.0,4920,14.7,34856,3.0,2,Não,Homem,547,3524,Não
,2465,12.1,32431,2.0,1,Sim,Homem,548,3429,Não
41.0,3613,29.8,13764,1.0,1,Não,Mulher,549,1154,Sim
33.0,1497,26.4,7810,,2,Sim,Mulher,550,1256,Não
19.0,4598,18.7,31797,0.0,0,Não,Homem,551,2779,Não
66.0,4970,17.1,29965,1.0,1,Não,Mulher,552,1673,Não
45.0,3275,18.6,8967,,1,Não,Homem,553,3115,Sim
,6360,6.0,35256,1.0,0,Sim,Mulher,554,3391,Não
44.0,2161,11.9,22758,3.0,1,Sim,Mulher,555,4348,Não
37.0,1803,1.2,33388,1.0,1,Sim,Homem,556,1672,Não
,4336,14.3,41868,0.0,1,Sim,Mulher,557,3438,Não
29.0,5570,16.3,8486,0.0,1,Sim,Mulher,558,2472,Sim
67.0,6525,6.8,957,4.0,4,Não,Homem,559,1258,Não
52.0,3311,28.9,38955,2.0,2,Não,Mulher,560,1306,Não
,5618,27.3,30484,3.0,2,Não,Homem,561,4918,Não
50.0,3942,21.7,34981,3.0,1,Não,Mulher,562,2118,Não
,3741,16.0,41907,2.0,1,Não,Homem,563,3997,Não
60.0,5325,26.1,40140,0.0,0,Sim,Homem,564,4535,Não
54.0,4978,3.9,48046,0.0,0,Não,Mulher,565,4017,Não
29.0,1635,23.7,26796,1.0,2,Sim,Mulher,566,1245,Não
20.0,6214,3.7,24424,4.0,0,Não,Homem,567,3780,Não
18.0,6070,23.8,20094,4.0,0,Sim,Mulher,568,2658,Não
50.0,3061,8.3,7684,4.0,2,Sim,Mulher,569,1186,Não
57.0,4593,26.3,28630,1.0,0,Sim,Mulher,570,2797,Não
27.0,4741,28.3,13850,4.0,2,Não,Homem,571,1924,Não
60.0,4391,4.5,46065,2.0,0,Não,Homem,572,1784,Não
61.0,3174,13.9,29159,1.0,3,Não,Homem,573,4444,Não
46.0,2992,29.4,29642,2.0,1,Não,Mulher,574,2595,Não
30.0,3961,14.5,17746,1.0,2,Sim,Mulher,575,4477,Não
29.0,5759,25.9,2599,4.0,1,Sim,Homem,576,3455,Sim
48.0,4815,17.7,1587,2.0,1,Sim,Homem,577,4196,Sim
,3444,11.3,21166,2.0,2,Sim,Mulher,578,2360,Não
19.0,5157,8.6,4228,2.0,2,Não,Mulher,579,1340,Não
68.0,-272,6.1,30342,1.0,2,Sim,Mulher,580,1562,Não
,5723,22.9,44048,3.0,1,Não,Mulher,581,4249,Não
52.0,1390,11.6,44145,4.0,0,Sim,Homem,582,1650,Não
40.0,3456,15.3,32952,2.0,2,Sim,Mulher,583,3999,Não
34.0,2320,14.8,10561,3.0,1,Sim,Mulher,584,4910,Não
43.0,2057,17.3,43149,4.0,3,Não,Homem,585,2193,Não
25.0,5741,26.0,44304,4.0,5,Não,Homem,586,4110,Não
46.0,3298,29.4,9832,2.0,2,Sim,Mulher,587,1068,Não
43.0,4519,12.2,36871,2.0,1,Sim,Homem,588,4307,Não
27.0,3929,24.8,14325,1.0,2,Sim,Mulher,589,2583,Não
43.0,4715,22.9,40132,3.0,1,Não,Mulher,590,3428,Não
51.0,4115,17.2,49861,3.0,1,Não,Homem,591,3104,Não
68.0,2075,28.7,1501,2.0,1,Não,Homem,592,2300,Não
,5494,6.0,44868,4.0,2,Sim,Mulher,593,3897,Não
24.0,3259,3.3,31131,2.0,2,Não,Homem,594,2122,Não
21.0,1665,25.6,48669,4.0,0,Sim,Mulher,595,1915,Não
67.0,3357,13.2,23250,4.0,1,Não,Mulher,596,4598,Não
62.0,6251,25.4,42369,2.0,0,Sim,Mulher,597,3372,Não
28.0,5275,26.8,3119,0.0,1,Sim,Homem,598,1460,Sim
46.0,3477,1.9,16763,3.0,1,Não,Mulher,599,3226,Sim
53.0,3476,26.5,3350,4.0,0,Sim,Mulher,600,1843,Sim
42.0,3517,13.4,48767,4.0,0,Sim,Mulher,601,1573,Não
,7115,15.3,40848,,1,Sim,Homem,602,1118,Não
53.0,4572,18.8,42627,1.0,1,Não,Mulher,603,4540,Não
27.0,4645,27.8,46898,0.0,1,Sim,Mulher,604,3596,Não
54.0,5545,0.6,4255,,2,Não,Mulher,605,1645,Não
26.0,4358,14.3,19279,4.0,2,Não,Homem,606,2478,Não
41.0,3611,20.6,3551,,3,Sim,Mulher,607,3073,Não
52.0,3705,21.7,10539,0.0,4,Não,Mulher,608,2513,Não
66.0,3892,20.8,11468,1.0,1,Sim,Homem,609,3031,Sim
52.0,3944,4.0,23455,2.0,1,Não,Homem,610,2031,Não
65.0,5091,9.0,13428,0.0,1,Sim,Mulher,611,1968,Sim
53.0,4077,10.8,5048,0.0,2,Não,Mulher,612,3010,Não
35.0,5098,24.1,8374,1.0,2,Sim,Mulher,613,2539,Não
66.0,3878,8.4,7363,3.0,0,Sim,Homem,614,3580,Sim
56.0,4117,6.3,48653,0.0,1,Sim,Homem,615,4998,Não
49.0,1002,28.7,37964,0.0,1,Sim,Mulher,616,3196,Não
,5374,0.3,48388,3.0,1,Não,Homem,617,2511,Não
40.0,4519,29.9,21987,1.0,1,Não,Mulher,618,2048,Não
49.0,5497,20.3,13918,0.0,1,Sim,Mulher,619,1654,Sim
54.0,-344,24.9,39914,3.0,1,Não,Homem,620,4828,Não
29.0,7132,8.8,16312,,2,Sim,Mulher,621,2954,Não
66.0,3790,0.4,14969,2.0,0,Sim,Homem,622,3992,Sim
30.0,5662,22.1,11625,4.0,2,Não,Homem,623,1554,Não
40.0,2440,25.0,6483,2.0,0,Não,Mulher,624,1424,Não
42.0,4919,22.2,12823,0.0,0,Sim,Homem,625,1292,Sim
52.0,2419,4.3,17765,,0,Não,Mulher,626,2208,Não
,3064,22.6,33699,4.0,0,Sim,Homem,627,3601,Não
47.0,6871,23.1,3128,2.0,2,Não,Mulher,628,1430,Não
34.0,3713,19.8,10525,3.0,1,Não,Mulher,629,3651,Sim
66.0,4326,23.0,40451,1.0,1,Não,Mulher,630,1316,Não
37.0,5305,25.4,7346,2.0,5,Não,Homem,631,1397,Não
65.0,4743,18.4,17132,3.0,0,Não,Mulher,632,2347,Sim
42.0,4225,2.7,43232,0.0,2,Sim,Homem,633,2588,Não
39.0,4547,14.6,7746,3.0,4,Não,Homem,634,1595,Não
30.0,7605,2.3,4136,2.0,4,Não,Homem,635,3593,Não
36.0,3913,12.2,24226,2.0,3,Sim,Homem,636,3123,Não
66.0,4301,12.2,15120,0.0,2,Sim,Homem,637,3912,Não
53.0,5575,2.0,28170,3.0,1,Sim,Mulher,638,2943,Não
29.0,5658,10.5,40190,3.0,0,Não,Homem,639,1915,Não
58.0,5780,3.3,6857,0.0,0,Não,Mulher,640,3756,Sim
36.0,4958,24.2,29034,3.0,1,Sim,Mulher,641,3533,Não
29.0,2285,28.4,25275,0.0,2,Sim,Homem,642,4869,Não
26.0,6450,2.2,7203,1.0,3,Sim,Mulher,643,4159,Não
,2280,28.7,31199,2.0,2,Sim,Mulher,644,3794,Não
45.0,4453,15.7,13682,1.0,0,Não,Homem,645,2255,Sim
31.0,2868,9.0,24391,4.0,1,Não,Mulher,646,4078,Não
48.0,3903,2.3,4113,4.0,1,Não,Homem,647,4875,Sim
69.0,4493,15.0,22979,,2,Não,Homem,648,3597,Não
36.0,4482,23.8,15323,0.0,1,Não,Homem,649,1975,Sim
64.0,4632,21.2,41119,3.0,4,Sim,Mulher,650,2075,Não
33.0,6420,1.5,2848,1.0,1,Não,Mulher,651,4726,Sim
22.0,4680,2.2,20930,,1,Sim,Mulher,652,3989,Não
52.0,3633,12.1,22921,1.0,0,Sim,Mulher,653,3966,Não
29.0,5446,8.9,36250,,2,Sim,Homem,654,4467,Não
42.0,5784,7.0,28714,4.0,0,Não,Homem,655,2244,Não
69.0,2158,8.4,33360,,1,Sim,Mulher,656,2451,Não
38.0,4896,24.1,38852,3.0,1,Não,Homem,657,4823,Não
53.0,5051,27.9,43110,4.0,2,Sim,Mulher,658,2166,Não
40.0,3553,12.2,15693,1.0,2,Não,Homem,659,4932,Não
,6063,27.2,26901,,1,Sim,Homem,660,3028,Não
56.0,3774,9.6,42005,2.0,0,Não,Homem,661,1362,Não
62.0,4188,14.3,49472,2.0,3,Sim,Homem,662,3429,Não
59.0,3740,6.8,44475,2.0,0,Sim,Homem,663,4632,Não
56.0,4023,19.2,18573,,5,Sim,Mulher,664,4348,Não
31.0,2355,29.4,9758,1.0,1,Sim,Mulher,665,3318,Não
48.0,1839,18.1,24469,4.0,1,Não,Homem,666,4085,Não
,6391,10.7,37082,3.0,0,Não,Mulher,667,3345,Não
52.0,2729,19.4,24628,0.0,0,Não,Homem,668,4051,Não
40.0,2512,3.7,24159,0.0,2,Sim,Homem,669,4535,Não
46.0,769,26.7,41911,2.0,3,Sim,Homem,670,4598,Não
60.0,3041,15.1,18070,2.0,4,Sim,Homem,671,1233,Não
28.0,2015,13.5,42989,2.0,3,Sim,Mulher,672,3622,Não
35.0,6463,17.6,20340,1.0,2,Sim,Homem,673,2731,Não
,5514,18.7,16411,3.0,2,Sim,Mulher,674,1026,Não
29.0,2967,2.2,22699,3.0,3,Não,Homem,675,2494,Não
26.0,7378,20.5,38122,,0,Não,Homem,676,1092,Não
27.0,5472,7.3,6300,,0,Não,Mulher,677,3664,Sim
61.0,3512,21.4,9820,,4,Não,Homem,678,1308,Não
34.0,250,24.7,47572,0.0,2,Não,Homem,679,1051,Não
55.0,7436,24.1,8774,2.0,2,Não,Mulher,680,1318,Não
24.0,1915,16.6,28386,3.0,1,Não,Mulher,681,2992,Não
63.0,1531,15.6,28965,2.0,2,Não,Mulher,682,1180,Não
30.0,5533,4.3,24481,3.0,2,Sim,Homem,683,2592,Não
57.0,7659,23.3,32237,4.0,4,Sim,Homem,684,4191,Não
59.0,6076,8.1,11491,,1,Sim,Mulher,685,4891,Sim
26.0,4845,14.9,27633,4.0,1,Sim,Mulher,686,3922,Não
67.0,4892,8.5,18608,1.0,1,Sim,Homem,687,4114,Sim
44.0,5280,4.0,33083,2.0,0,Sim,Homem,688,1646,Não
19.0,5138,18.9,7061,1.0,0,Sim,Mulher,689,4956,Sim
22.0,4421,1.6,28543,,0,Não,Mulher,690,2961,Não
,4156,22.5,9263,,2,Não,Mulher,691,2283,Não
54.0,3906,9.5,13932,,2,Sim,Mulher,692,3244,Não
55.0,2869,0.0,10935,3.0,1,Não,Homem,693,3692,Não
36.0,3578,15.3,9141,2.0,1,Não,Homem,694,4018,Sim
25.0,1460,1.4,41285,3.0,0,Não,Homem,695,3302,Não
65.0,3852,8.3,14285,4.0,2,Não,Homem,696,3024,Não
62.0,2517,21.2,46356,3.0,1,Não,Mulher,697,3779,Não
18.0,2344,1.9,48496,4.0,1,Sim,Homem,698,1335,Não
39.0,4269,25.2,28563,1.0,1,Não,Mulher,699,2576,Não
69.0,6088,0.1,7150,4.0,2,Sim,Homem,700,2525,Não
34.0,5377,7.4,18727,0.0,4,Sim,Homem,701,1989,Não
24.0,1644,22.2,39886,0.0,1,Sim,Homem,702,3947,Não
42.0,2515,9.5,18369,0.0,0,Não,Mulher,703,2278,Não
62.0,5411,3.1,4350,,3,Sim,Homem,704,1513,Não
21.0,2526,10.8,27839,,1,Sim,Mulher,705,3029,Não
53.0,3663,8.1,42256,2.0,0,Sim,Mulher,706,4778,Não
23.0,4825,25.3,39796,4.0,0,Sim,Homem,707,1241,Não
48.0,2547,9.4,8756,2.0,2,Não,Mulher,708,3196,Não
,4158,23.7,33638,1.0,1,Sim,Homem,709,2733,Não
61.0,1998,26.8,11025,0.0,5,Sim,Mulher,710,4370,Não
56.0,3097,13.0,10910,4.0,2,Sim,Homem,711,3804,Não
44.0,4479,27.3,43703,,2,Sim,Mulher,712,4921,Não
,1610,11.3,12483,2.0,0,Não,Mulher,713,3667,Não
,4660,28.9,13162,4.0,2,Sim,Homem,714,3500,Não
36.0,3970,2.7,32,3.0,3,Sim,Homem,715,4464,Não
56.0,4828,20.6,43533,1.0,3,Sim,Homem,716,3259,Não
20.0,4335,14.8,39629,2.0,2,Sim,Homem,717,1667,Não
62.0,6046,11.6,31366,2.0,1,Sim,Mulher,718,4609,Não
30.0,4187,19.0,37513,1.0,1,Sim,Mulher,719,1593,Não
67.0,3355,21.1,7602,1.0,1,Não,Mulher,720,4666,Sim
45.0,4183,0.1,22916,3.0,1,Sim,Mulher,721,3178,Não
37.0,4814,5.0,17560,2.0,1,Não,Homem,722,4400,Sim
45.0,4073,21.4,4688,,2,Não,Mulher,723,3659,Não
25.0,4060,20.0,24306,,5,Sim,Homem,724,1255,Não
58.0,2947,29.0,46036,4.0,1,Não,Mulher,725,2502,Não
56.0,3005,22.8,2002,4.0,1,Sim,Homem,726,1560,Sim
18.0,1896,28.5,14573,,2,Não,Homem,727,4984,Não
20.0,6624,21.1,10377,4.0,1,Sim,Homem,728,3110,Sim
30.0,2134,8.9,11907,1.0,0,Não,Homem,729,2334,Não
45.0,2960,3.2,45421,4.0,3,Não,Homem,730,1406,Não
66.0,2922,23.5,23403,4.0,3,Sim,Mulher,731,3849,Não
42.0,5342,19.3,23314,0.0,5,Não,Homem,732,4176,Não
50.0,3557,1.4,38028,3.0,2,Não,Mulher,733,4688,Não
55.0,5871,10.8,7724,4.0,0,Não,Mulher,734,2860,Sim
23.0,2989,28.7,24363,4.0,1,Não,Homem,735,3062,Não
61.0,4418,15.0,21499,3.0,3,Não,Mulher,736,2710,Não
62.0,2746,13.0,29845,0.0,4,Sim,Mulher,737,1258,Não
,7217,13.7,49977,3.0,4,Não,Mulher,738,1722,Não
62.0,2218,6.3,38472,0.0,2,Não,Homem,739,4483,Não
64.0,4464,11.1,19893,1.0,1,Sim,Homem,740,2282,Sim
38.0,4950,11.1,41377,0.0,1,Sim,Homem,741,1613,Não
33.0,4620,1.6,8535,1.0,1,Sim,Homem,742,4331,Sim
38.0,3722,23.0,1523,1.0,0,Não,Mulher,743,4927,Sim
28.0,3805,12.5,10222,0.0,2,Não,Mulher,744,2694,Não
54.0,4065,24.7,17020,,2,Não,Mulher,745,4116,Não
53.0,3779,25.5,25529,0.0,0,Não,Mulher,746,2978,Não
,5445,6.4,30756,4.0,1,Sim,Mulher,747,1812,Não
,7315,19.7,45530,4.0,2,Sim,Mulher,748,2786,Não
,3163,14.2,25492,2.0,2,Não,Homem,749,1330,Não
35.0,1945,26.4,25063,1.0,3,Não,Mulher,750,3212,Não
,3867,6.5,2512,2.0,2,Não,Mulher,751,2216,Não
58.0,7869,20.3,1745,4.0,4,Não,Mulher,752,2544,Não
66.0,2794,18.2,27557,2.0,2,Sim,Homem,753,4472,Não
31.0,6458,8.9,21908,0.0,1,Sim,Mulher,754,2397,Não
32.0,6516,4.1,41959,2.0,0,Não,Mulher,755,4136,Não
48.0,3169,19.5,8033,1.0,2,Sim,Homem,756,1386,Não
18.0,4853,22.2,1248,0.0,2,Não,Mulher,757,2518,Não
20.0,6442,9.5,22451,3.0,3,Não,Homem,758,2817,Não
33.0,3431,19.3,11873,4.0,1,Sim,Homem,759,4764,Sim
,3694,11.9,2480,4.0,2,Não,Mulher,760,4486,Não
28.0,3127,21.4,36229,2.0,3,Sim,Mulher,761,2817,Não
29.0,2477,6.0,5579,0.0,0,Não,Homem,762,2814,Não
27.0,3026,26.7,30415,3.0,1,Sim,Mulher,763,4101,Não
49.0,2164,8.6,14052,0.0,3,Não,Mulher,764,4337,Não
,4051,11.0,8674,4.0,1,Sim,Homem,765,3375,Sim
25.0,2845,1.7,18987,0.0,1,Não,Homem,766,2515,Não
55.0,4350,3.3,40072,3.0,4,Não,Mulher,767,2240,Não
29.0,1666,15.5,19604,2.0,0,Sim,Homem,768,1319,Não
,4496,8.0,37538,1.0,2,Não,Mulher,769,4989,Não
45.0,5250,25.1,6274,0.0,4,Sim,Mulher,770,1398,Não
25.0,1009,0.4,38638,1.0,2,Sim,Mulher,771,2914,Não
45.0,4561,11.4,11846,,2,Não,Mulher,772,1104,Não
53.0,5841,10.1,33869,2.0,2,Não,Homem,773,1695,Não
43.0,2185,0.6,28289,2.0,1,Não,Mulher,774,4064,Não
25.0,6508,3.7,46457,0.0,1,Não,Homem,775,1329,Não
67.0,4628,12.4,19366,2.0,2,Sim,Mulher,776,1659,Não
,2942,14.8,3308,0.0,1,Não,Mulher,777,4688,Não
,3916,12.1,957,0.0,2,Não,Homem,778,4118,Não
54.0,4837,15.9,41342,1.0,0,Não,Mulher,779,3646,Não
58.0,4114,17.9,26236,2.0,0,Sim,Homem,780,1820,Não
,4808,0.3,38762,0.0,2,Não,Homem,781,2972,Não
44.0,2618,13.9,11721,1.0,3,Sim,Mulher,782,3688,Não
,4254,28.9,17254,3.0,0,Não,Mulher,783,2793,Sim
26.0,1879,15.6,1505,1.0,3,Sim,Mulher,784,3361,Não
50.0,3833,20.3,48074,1.0,2,Não,Mulher,785,4218,Não
,2644,9.4,33393,0.0,3,Não,Homem,786,1461,Não
30.0,2896,23.2,46660,4.0,1,Sim,Mulher,787,2607,Não
45.0,5854,23.2,13274,4.0,2,Não,Mulher,788,3533,Não
65.0,5636,15.6,30573,4.0,0,Não,Mulher,789,2675,Não
46.0,4913,29.3,33924,1.0,2,Não,Mulher,790,3457,Não
30.0,2361,3.8,15877,,1,Sim,Mulher,791,3074,Não
63.0,3525,0.5,42405,,0,Não,Homem,792,4100,Não
52.0,5819,23.1,47358,1.0,3,Sim,Mulher,793,1270,Não
,4212,24.2,44242,,1,Sim,Homem,794,3733,Não
35.0,7478,3.6,36953,0.0,2,Sim,Mulher,795,3548,Não
68.0,4589,8.0,13873,3.0,1,Não,Mulher,796,4324,Sim
22.0,4288,0.5,14080,1.0,0,Sim,Mulher,797,1384,Sim
64.0,3536,8.8,48168,3.0,0,Sim,Homem,798,1059,Não
42.0,4200,23.2,514,3.0,1,Não,Mulher,799,2130,Sim
19.0,3771,15.5,35802,4.0,2,Sim,Homem,800,1219,Não
27.0,5062,10.4,35312,0.0,1,Sim,Homem,801,2464,Não
47.0,5435,11.2,31134,3.0,1,Não,Mulher,802,3818,Não
67.0,2821,0.0,49505,0.0,1,Não,Homem,803,2906,Não
62.0,2003,9.0,15593,4.0,0,Sim,Mulher,804,4729,Não
22.0,1245,19.4,16998,0.0,0,Não,Mulher,805,3611,Não
50.0,4761,29.2,3946,1.0,0,Não,Homem,806,2595,Sim
,2344,25.4,22139,3.0,1,Não,Mulher,807,3593,Não
35.0,770,0.7,13052,0.0,3,Sim,Mulher,808,1095,Não
49.0,4582,27.0,17169,2.0,1,Sim,Homem,809,1988,Sim
64.0,7739,23.5,41728,0.0,2,Não,Homem,810,2112,Não
,3990,23.4,46774,3.0,3,Sim,Homem,811,3875,Não
28.0,5257,13.7,9286,4.0,0,Não,Homem,812,2945,Sim
38.0,4122,11.9,18625,4.0,1,Não,Homem,813,3278,Sim
43.0,3851,9.1,46431,3.0,2,Não,Homem,814,1967,Não
42.0,5378,2.0,3090,1.0,2,Não,Mulher,815,3322,Não
,3564,6.8,4618,1.0,5,Não,Homem,816,1245,Não
44.0,4401,7.4,8139,4.0,4,Sim,Homem,817,3158,Não
,4482,14.5,29760,4.0,2,Sim,Mulher,818,1233,Não
30.0,2997,22.4,7523,3.0,1,Sim,Mulher,819,4349,Não
50.0,5488,14.2,48403,1.0,0,Sim,Homem,820,4548,Não
51.0,3737,1.7,22335,4.0,2,Não,Homem,821,3464,Não
58.0,2866,28.7,25075,1.0,2,Não,Mulher,822,3725,Não
,4804,28.3,12332,4.0,3,Sim,Homem,823,2151,Não
18.0,2652,23.6,23548,0.0,1,Sim,Homem,824,2260,Não
,4042,29.7,33095,2.0,1,Não,Mulher,825,1802,Não
65.0,3986,16.3,37558,0.0,1,Não,Homem,826,3666,Não
23.0,5628,28.9,37693,4.0,2,Não,Mulher,827,4199,Não
45.0,4712,2.3,28894,2.0,0,Sim,Homem,828,3754,Não
34.0,3962,11.0,45217,2.0,1,Não,Mulher,829,3898,Não
22.0,5226,6.8,40870,,0,Não,Mulher,830,2417,Não
,6085,5.9,37852,4.0,2,Sim,Mulher,831,3522,Não
22.0,4836,4.2,2780,1.0,1,Sim,Homem,832,1654,Sim
55.0,4015,18.7,343,,4,Sim,Mulher,833,3442,Não
20.0,2032,23.4,10622,3.0,1,Não,Homem,834,1110,Não
40.0,2402,17.3,33176,,0,Não,Mulher,835,1089,Não
54.0,3542,4.4,20559,,1,Sim,Mulher,836,1762,Não
54.0,3085,24.3,20120,4.0,2,Não,Mulher,837,2303,Não
27.0,3719,19.1,44229,1.0,0,Não,Homem,838,2356,Não
,4084,11.6,44778,3.0,0,Não,Homem,839,4295,Não
36.0,4794,20.2,45458,0.0,2,Sim,Mulher,840,4172,Não
34.0,3894,7.8,15693,3.0,5,Sim,Homem,841,3179,Não
38.0,4729,10.4,34552,1.0,0,Não,Homem,842,2036,Não
31.0,4096,27.5,13581,3.0,0,Não,Homem,843,3504,Sim
26.0,1036,8.7,9530,4.0,0,Não,Mulher,844,2464,Não
63.0,2590,14.1,9231,4.0,3,Não,Homem,845,1097,Não
18.0,3783,26.7,17105,1.0,4,Sim,Mulher,846,2143,Não
68.0,2185,21.2,21497,2.0,3,Sim,Mulher,847,1292,Não
62.0,4899,1.9,41547,4.0,0,Não,Mulher,848,2839,Não
30.0,6296,4.4,5994,0.0,1,Não,Homem,849,2734,Sim
,5828,0.2,36746,1.0,3,Sim,Mulher,850,2024,Não
18.0,3679,18.9,26572,3.0,2,Não,Homem,851,3619,Não
66.0,6236,13.4,14397,3.0,1,Sim,Homem,852,3297,Sim
57.0,4223,4.0,24640,0.0,1,Não,Mulher,853,1651,Não
49.0,3494,28.7,14997,4.0,3,Sim,Mulher,854,3196,Não
51.0,3079,15.9,29804,1.0,1,Não,Mulher,855,4466,Não
45.0,3546,7.3,21692,0.0,2,Não,Homem,856,3091,Não
48.0,3417,15.0,8220,4.0,2,Sim,Homem,857,2906,Não
25.0,4255,20.4,5829,1.0,2,Sim,Mulher,858,2721,Não
56.0,4240,2.3,27334,3.0,0,Não,Mulher,859,4691,Não
43.0,4004,8.2,45120,1.0,4,Não,Homem,860,2067,Não
51.0,4655,24.2,17197,2.0,1,Sim,Homem,861,4149,Sim
,5785,13.8,36650,1.0,1,Sim,Mulher,862,4297,Não
67.0,5424,16.4,32933,2.0,0,Não,Homem,863,3209,Não
29.0,1772,13.0,46577,1.0,2,Não,Homem,864,2816,Não
18.0,169,1.3,41049,2.0,0,Sim,Homem,865,1252,Não
61.0,5401,5.0,28330,3.0,1,Sim,Homem,866,1131,Não
22.0,1949,13.4,32851,4.0,2,Sim,Homem,867,4519,Não
47.0,3662,6.3,44919,2.0,1,Sim,Homem,868,2907,Não
47.0,2244,1.5,19975,2.0,0,Sim,Mulher,869,2910,Não
34.0,1297,25.3,16339,3.0,2,Não,Homem,870,3521,Não
,4812,29.4,540,2.0,0,Não,Mulher,871,2679,Sim
64.0,5138,23.8,41327,0.0,0,Sim,Mulher,872,4849,Não
40.0,3135,25.6,40049,3.0,2,Não,Homem,873,2132,Não
32.0,113,7.3,5222,,1,Não,Mulher,874,3753,Não
54.0,3180,28.8,28842,3.0,3,Sim,Mulher,875,2058,Não
38.0,4587,5.9,23199,2.0,3,Não,Mulher,876,4538,Não
31.0,1781,28.5,5935,0.0,0,Não,Homem,877,2925,Não
19.0,4275,29.8,49028,2.0,0,Não,Mulher,878,3322,Não
,3977,21.4,10734,3.0,2,Sim,Homem,879,1186,Não
,4868,29.4,3361,2.0,4,Sim,Mulher,880,1948,Não
56.0,4179,17.1,29742,0.0,1,Não,Mulher,881,3290,Não
,2540,7.8,36943,0.0,3,Não,Mulher,882,1263,Não
51.0,5794,13.1,1622,,0,Não,Mulher,883,2997,Sim
55.0,3762,17.8,32935,1.0,3,Não,Homem,884,1521,Não
67.0,3959,2.2,26614,3.0,2,Não,Mulher,885,4010,Não
51.0,2600,18.7,5163,3.0,2,Não,Mulher,886,4749,Não
35.0,3335,29.4,8626,2.0,4,Sim,Homem,887,2564,Não
,2672,5.7,28398,,1,Não,Homem,888,1782,Não
32.0,3740,23.8,14817,0.0,3,Não,Homem,889,4158,Não
44.0,6567,27.2,46915,4.0,0,Sim,Mulher,890,1534,Não
,1942,28.3,40937,4.0,1,Não,Homem,891,1209,Não
51.0,1579,28.8,49178,,1,Não,Homem,892,3093,Não
69.0,6206,15.6,12983,1.0,2,Não,Homem,893,4538,Não
55.0,3686,29.3,48486,1.0,1,Não,Homem,894,2563,Não
50.0,2996,22.7,21561,3.0,0,Sim,Homem,895,1025,Não
41.0,5559,4.9,17375,0.0,2,Não,Homem,896,4337,Não
32.0,3091,14.3,2517,1.0,3,Sim,Mulher,897,1174,Não
47.0,6739,21.5,2638,4.0,1,Não,Homem,898,2539,Sim
59.0,5016,7.4,34600,0.0,3,Não,Mulher,899,2334,Não
68.0,3268,19.2,22896,0.0,1,Sim,Homem,900,1321,Não
34.0,7235,20.0,11326,2.0,1,Não,Homem,901,2602,Sim
22.0,3091,4.9,30698,1.0,5,Sim,Homem,902,2158,Não
46.0,5113,17.0,12642,2.0,2,Sim,Mulher,903,1054,Não
,4448,23.1,28881,1.0,0,Sim,Homem,904,2566,Não
27.0,5952,15.0,17960,3.0,3,Não,Homem,905,2609,Não
,6342,0.4,41177,2.0,0,Não,Homem,906,4602,Não
27.0,4048,0.3,41034,2.0,1,Não,Homem,907,4227,Não
34.0,2869,10.7,23867,4.0,0,Não,Mulher,908,2872,Não
,4689,27.8,17540,2.0,3,Sim,Mulher,909,3715,Não
41.0,2983,6.9,18127,1.0,1,Não,Mulher,910,3194,Não
22.0,7020,19.0,40285,4.0,1,Não,Mulher,911,2508,Não
51.0,4204,6.7,16408,2.0,3,Sim,Mulher,912,3646,Não
23.0,3452,9.7,10452,2.0,2,Sim,Homem,913,3067,Não
19.0,4277,25.4,4234,3.0,2,Não,Homem,914,4340,Não
,1979,21.9,23334,2.0,2,Sim,Homem,915,1332,Não
60.0,2542,2.9,24106,0.0,2,Sim,Mulher,916,2578,Não
60.0,5800,12.9,42045,4.0,2,Sim,Homem,917,1906,Não
65.0,3014,0.9,11061,0.0,1,Sim,Mulher,918,3991,Sim
28.0,2429,14.4,19049,4.0,1,Sim,Homem,919,1910,Não
68.0,4804,19.9,40420,3.0,0,Não,Mulher,920,1400,Não
64.0,5778,3.6,41181,,0,Não,Homem,921,1949,Não
40.0,5078,8.7,19230,2.0,2,Não,Homem,922,2329,Não
33.0,5494,11.9,22956,2.0,0,Não,Homem,923,3075,Não
48.0,2864,27.6,15164,4.0,1,Não,Homem,924,3514,Não
,1867,29.8,46627,2.0,1,Não,Mulher,925,4331,Não
33.0,6252,1.3,5932,0.0,2,Não,Homem,926,4605,Não
25.0,3515,22.8,46687,2.0,2,Sim,Homem,927,4029,Não
21.0,3623,11.2,34193,3.0,2,Não,Homem,928,2910,Não
57.0,5992,11.8,26578,0.0,0,Não,Mulher,929,1100,Não
21.0,4834,22.6,1632,2.0,1,Não,Homem,930,1550,Sim
42.0,4683,27.6,23779,2.0,5,Sim,Homem,931,3849,Não
20.0,7247,28.5,20387,1.0,2,Não,Homem,932,3400,Não
49.0,3034,17.3,8060,4.0,1,Não,Homem,933,4371,Sim
20.0,5391,10.7,32820,0.0,1,Sim,Homem,934,2705,Não
44.0,4085,23.6,48557,1.0,3,Não,Mulher,935,3343,Não
,4402,7.5,28109,3.0,2,Não,Mulher,936,1352,Não
49.0,6292,16.9,35737,4.0,1,Sim,Mulher,937,3955,Não
67.0,4761,10.8,3422,0.0,2,Não,Homem,938,4201,Não
68.0,4807,19.7,20883,,2,Sim,Mulher,939,2018,Não
36.0,5608,7.2,5817,0.0,0,Não,Homem,940,2179,Sim
,3452,5.7,30639,2.0,1,Não,Homem,941,2097,Não
22.0,2741,27.5,46924,4.0,2,Não,Homem,942,4413,Não
35.0,2432,3.1,33088,2.0,1,Sim,Homem,943,4536,Não
45.0,1050,15.2,3840,,2,Sim,Mulher,944,4161,Não
59.0,7084,6.6,17733,,0,Sim,Mulher,945,4650,Sim
39.0,2345,1.2,27533,3.0,1,Não,Mulher,946,3502,Não
38.0,3668,1.1,20160,4.0,1,Não,Homem,947,4819,Não
23.0,3584,5.3,41682,4.0,3,Sim,Mulher,948,3759,Não
18.0,4461,26.0,40733,0.0,1,Sim,Mulher,949,1979,Não
22.0,5223,8.5,30591,3.0,1,Não,Homem,950,2355,Não
58.0,5290,28.5,18672,3.0,0,Não,Mulher,951,1738,Sim
,3125,17.4,12766,1.0,2,Não,Homem,952,1976,Não
43.0,3749,13.1,5293,1.0,0,Não,Mulher,953,2371,Sim
63.0,4423,17.4,17744,1.0,3,Sim,Mulher,954,3280,Não
51.0,3626,15.5,20658,2.0,0,Não,Mulher,955,2801,Não
,6411,22.8,33791,1.0,1,Não,Homem,956,4669,Não
,4736,8.5,32907,3.0,2,Não,Mulher,957,4071,Não
43.0,5102,10.6,3505,2.0,4,Não,Mulher,958,3149,Não
62.0,4994,26.8,19762,4.0,1,Não,Mulher,959,1952,Sim
44.0,5760,28.4,9088,0.0,4,Não,Mulher,960,1480,Não
26.0,4271,26.8,7840,1.0,0,Não,Homem,961,2237,Sim
43.0,2054,12.6,41365,4.0,1,Sim,Homem,962,1107,Não
64.0,4599,23.4,2095,3.0,2,Sim,Mulher,963,4236,Não
39.0,3022,14.3,20959,0.0,0,Sim,Mulher,964,1972,Não
64.0,3207,14.9,8410,4.0,1,Não,Mulher,965,2626,Sim
47.0,4879,6.1,43966,0.0,3,Sim,Homem,966,1703,Não
60.0,5857,17.7,27852,1.0,0,Não,Mulher,967,3382,Não
,4031,5.6,11569,3.0,1,Não,Mulher,968,3133,Sim
34.0,4463,9.9,25121,0.0,1,Não,Homem,969,3781,Não
43.0,6553,25.7,36574,,3,Não,Homem,970,1874,Não
53.0,4361,6.2,47905,1.0,1,Sim,Homem,971,2447,Não
18.0,7902,2.1,11022,1.0,1,Não,Mulher,972,4684,Sim
25.0,4848,2.1,44309,4.0,4,Não,Homem,973,4809,Não
,1358,28.2,46715,4.0,1,Sim,Homem,974,3411,Não
52.0,5130,15.2,45821,0.0,3,Sim,Mulher,975,3107,Não
,4571,12.3,31770,,0,Sim,Homem,976,4553,Não
32.0,5934,24.3,31491,1.0,1,Não,Mulher,977,2273,Não
64.0,5009,25.1,20160,0.0,1,Sim,Mulher,978,1559,Não
,3792,10.0,37619,4.0,3,Não,Homem,979,1116,Não
,2163,20.8,26564,0.0,1,Não,Mulher,980,4810,Não
,3686,23.1,33871,4.0,1,Sim,Homem,981,1873,Não
45.0,2724,19.6,21422,,2,Sim,Homem,982,3962,Não
40.0,3129,4.5,36574,4.0,2,Sim,Homem,983,1967,Não
31.0,4882,26.3,41223,4.0,1,Não,Mulher,984,4046,Não
41.0,6504,16.2,7321,4.0,3,Não,Homem,985,2568,Não
19.0,4592,8.5,41646,2.0,1,Não,Mulher,986,1043,Não
62.0,2206,12.8,27014,4.0,3,Não,Mulher,987,1508,Não
43.0,4666,1.1,42233,1.0,2,Não,Mulher,988,3011,Não
31.0,5794,3.8,21565,,1,Não,Homem,989,2188,Não
68.0,3085,23.0,18952,0.0,2,Sim,Mulher,990,4439,Não
24.0,3798,0.0,45753,2.0,0,Não,Mulher,991,4928,Não
20.0,4022,12.5,12558,,2,Sim,Homem,992,2315,Não
64.0,2822,15.7,42210,1.0,4,Sim,Homem,993,1848,Não
40.0,4972,1.6,24201,1.0,1,Sim,Mulher,994,2879,Não
63.0,3818,29.2,25704,,1,Sim,Mulher,995,1916,Não
60.0,4629,6.8,15423,4.0,2,Sim,Homem,996,3945,Não
64.0,2668,9.1,28652,1.0,2,Não,Mulher,997,1798,Não
62.0,3343,9.1,16260,0.0,2,Não,Mulher,998,1875,Não
35.0,5083,6.9,1963,0.0,3,Não,Mulher,999,2760,Não
55.0,3440,0.0,13599,4.0,2,Não,Mulher,1000,3333,Não
